number,time2resolve,period
BKOP0105457,0,before
BKOP0105459,0,before
BKOP0105472,0,before
BKOP0105481,0,before
BKOP0105485,0,before
BKOP0105499,0,before
BKOP0105500,0,before
BKOP0105512,0,before
BKOP0105526,3,before
BKOP0105537,2,before
BKOP0105553,2,before
BKOP0105560,19,before
BKOP0105570,265,before
BKOP0105573,4,before
BKOP0105595,3,before
BKOP0105608,0,before
BKOP0105609,0,before
BKOP0105610,0,before
BKOP0105611,0,before
BKOP0105612,0,before
BKOP0105613,0,before
BKOP0105621,0,before
BKOP0105622,0,before
BKOP0105636,0,before
BKOP0105637,0,before
BKOP0105638,0,before
BKOP0105639,0,before
BKOP0105640,0,before
BKOP0105652,118,before
BKOP0105672,27,before
BKOP0105681,0,before
BKOP0105682,0,before
BKOP0105693,0,before
BKOP0105694,0,before
BKOP0105695,0,before
BKOP0105696,0,before
BKOP0105700,0,before
BKOP0105716,5,before
BKOP0105727,7,before
BKOP0105735,183,before
BKOP0105737,0,before
BKOP0105769,0,before
BKOP0105774,0,before
BKOP0105808,199,before
BKOP0105816,0,before
BKOP0105818,0,before
BKOP0105820,0,before
BKOP0105823,0,before
BKOP0105835,0,before
BKOP0105836,5,before
BKOP0105842,13,before
BKOP0105843,0,before
BKOP0105853,5,before
BKOP0105854,5,before
BKOP0105855,5,before
BKOP0105856,156,before
BKOP0105857,5,before
BKOP0105859,5,before
BKOP0105860,5,before
BKOP0105873,0,before
BKOP0105874,0,before
BKOP0105898,11,before
BKOP0105912,1,before
BKOP0105913,11,before
BKOP0105928,0,before
BKOP0105929,21,before
BKOP0105935,0,before
BKOP0105940,10,before
BKOP0105941,10,before
BKOP0105942,0,before
BKOP0105943,10,before
BKOP0105944,196,before
BKOP0105946,10,before
BKOP0105952,1,before
BKOP0105972,9,before
BKOP0105982,0,before
BKOP0105983,0,before
BKOP0106000,0,before
BKOP0106010,9,before
BKOP0106011,9,before
BKOP0106048,1,before
BKOP0106053,176,before
BKOP0106055,1,before
BKOP0106070,161,before
BKOP0106071,0,before
BKOP0106092,0,before
BKOP0106095,0,before
BKOP0106107,154,before
BKOP0106109,181,before
BKOP0106112,0,before
BKOP0106120,0,before
BKOP0106137,0,before
BKOP0106165,0,before
BKOP0106167,0,before
BKOP0106183,11,before
BKOP0106192,0,before
BKOP0106214,10,before
BKOP0106224,158,before
BKOP0106229,146,before
BKOP0106237,0,before
BKOP0106262,0,before
BKOP0106267,172,before
BKOP0106270,152,before
BKOP0106271,152,before
BKOP0106279,179,before
BKOP0106314,175,before
BKOP0106319,1,before
BKOP0106334,0,before
BKOP0106345,0,before
BKOP0106346,0,before
BKOP0106348,162,before
BKOP0106358,132,before
BKOP0106371,0,before
BKOP0106375,0,before
BKOP0106386,1,before
BKOP0106388,0,before
BKOP0106389,173,before
BKOP0106395,141,before
BKOP0106399,111,before
BKOP0106400,0,before
BKOP0106424,0,before
BKOP0106426,0,before
BKOP0106429,0,before
BKOP0106444,0,before
BKOP0106448,0,before
BKOP0106450,140,before
BKOP0106458,0,before
BKOP0106460,0,before
BKOP0106465,0,before
BKOP0106471,161,before
BKOP0106473,0,before
BKOP0106474,0,before
BKOP0106481,0,before
BKOP0106483,0,before
BKOP0106486,0,before
BKOP0106502,0,before
BKOP0106503,0,before
BKOP0106511,265,before
BKOP0106523,139,before
BKOP0106542,2,before
BKOP0106550,141,before
BKOP0106552,125,before
BKOP0106554,131,before
BKOP0106558,1,before
BKOP0106564,24,before
BKOP0106579,1,before
BKOP0106580,1,before
BKOP0106581,1,before
BKOP0106582,1,before
BKOP0106583,1,before
BKOP0106584,1,before
BKOP0106585,1,before
BKOP0106596,59,before
BKOP0106598,0,before
BKOP0106606,7,before
BKOP0106607,16,before
BKOP0106632,262,before
BKOP0106652,0,before
BKOP0106672,0,before
BKOP0106673,0,before
BKOP0106680,0,before
BKOP0106689,14,before
BKOP0106693,15,before
BKOP0106739,0,before
BKOP0106744,0,before
BKOP0106745,0,before
BKOP0106748,0,before
BKOP0106760,0,before
BKOP0106773,0,before
BKOP0106785,260,before
BKOP0106795,77,before
BKOP0106796,75,before
BKOP0106803,0,before
BKOP0106805,13,before
BKOP0106809,0,before
BKOP0106834,3,before
BKOP0106838,13,before
BKOP0106859,4,before
BKOP0106860,0,before
BKOP0106869,0,before
BKOP0106871,0,before
BKOP0106881,0,before
BKOP0106886,0,before
BKOP0106887,0,before
BKOP0106892,0,before
BKOP0106937,12,before
BKOP0106939,179,before
BKOP0106959,74,before
BKOP0106966,165,before
BKOP0106975,0,before
BKOP0106991,9,before
BKOP0107006,9,before
BKOP0107026,77,before
BKOP0107041,8,before
BKOP0107065,0,before
BKOP0107074,139,before
BKOP0107092,144,before
BKOP0107107,20,before
BKOP0107110,20,before
BKOP0107113,20,before
BKOP0107115,145,before
BKOP0107159,155,before
BKOP0107161,155,before
BKOP0107163,133,before
BKOP0107165,0,before
BKOP0107206,67,before
BKOP0107210,161,before
BKOP0107220,6,before
BKOP0107221,19,before
BKOP0107222,25,before
BKOP0107240,7,before
BKOP0107242,5,before
BKOP0107245,24,before
BKOP0107249,117,before
BKOP0107258,1,before
BKOP0107259,5,before
BKOP0107260,5,before
BKOP0107261,124,before
BKOP0107265,1,before
BKOP0107279,1,before
BKOP0107296,16,before
BKOP0107303,0,before
BKOP0107343,0,before
BKOP0107379,2,before
BKOP0107380,2,before
BKOP0107381,2,before
BKOP0107382,3,before
BKOP0107409,0,before
BKOP0107416,129,before
BKOP0107419,62,before
BKOP0107421,129,before
BKOP0107422,62,before
BKOP0107423,129,before
BKOP0107424,0,before
BKOP0107425,129,before
BKOP0107426,93,before
BKOP0107428,129,before
BKOP0107442,238,before
BKOP0107448,1,before
BKOP0107461,127,before
BKOP0107466,69,before
BKOP0107489,0,before
BKOP0107498,0,before
BKOP0107506,0,before
BKOP0107530,0,before
BKOP0107542,69,before
BKOP0107544,69,before
BKOP0107559,61,before
BKOP0107570,246,before
BKOP0107572,0,before
BKOP0107578,0,before
BKOP0107631,244,before
BKOP0107640,0,before
BKOP0107651,80,before
BKOP0107690,117,before
BKOP0107694,117,before
BKOP0107695,116,before
BKOP0107701,117,before
BKOP0107726,10,before
BKOP0107731,14,before
BKOP0107733,59,before
BKOP0107750,64,before
BKOP0107761,64,before
BKOP0107762,0,before
BKOP0107798,10,before
BKOP0107800,16,before
BKOP0107801,16,before
BKOP0107803,0,before
BKOP0107809,111,before
BKOP0107810,0,before
BKOP0107814,119,before
BKOP0107815,0,before
BKOP0107820,0,before
BKOP0107822,0,before
BKOP0107826,0,before
BKOP0107841,9,before
BKOP0107859,0,before
BKOP0107862,0,before
BKOP0107866,113,before
BKOP0107867,0,before
BKOP0107870,113,before
BKOP0107910,0,before
BKOP0107930,0,before
BKOP0107937,0,before
BKOP0107971,0,before
BKOP0107990,0,before
BKOP0107991,6,before
BKOP0108017,53,before
BKOP0108023,6,before
BKOP0108044,0,before
BKOP0108067,52,before
BKOP0108070,6,before
BKOP0108085,10,before
BKOP0108086,122,before
BKOP0108100,0,before
BKOP0108101,0,before
BKOP0108102,4,before
BKOP0108136,7,before
BKOP0108148,0,before
BKOP0108156,1,before
BKOP0108195,47,before
BKOP0108219,112,before
BKOP0108252,0,before
BKOP0108261,4,before
BKOP0108263,76,before
BKOP0108282,5,before
BKOP0108284,4,before
BKOP0108288,0,before
BKOP0108293,0,before
BKOP0108307,47,before
BKOP0108310,5,before
BKOP0108317,75,before
BKOP0108335,3,before
BKOP0108349,45,before
BKOP0108355,1,before
BKOP0108359,98,before
BKOP0108369,1,before
BKOP0108380,99,before
BKOP0108393,104,before
BKOP0108415,0,before
BKOP0108416,0,before
BKOP0108432,0,before
BKOP0108435,128,before
BKOP0108437,0,before
BKOP0108459,155,before
BKOP0108470,0,before
BKOP0108471,226,before
BKOP0108479,42,before
BKOP0108484,41,before
BKOP0108487,43,before
BKOP0108500,0,before
BKOP0108512,0,before
BKOP0108542,155,before
BKOP0108556,41,before
BKOP0108563,0,before
BKOP0108579,14,before
BKOP0108590,0,before
BKOP0108593,0,before
BKOP0108603,0,before
BKOP0108604,0,before
BKOP0108605,91,before
BKOP0108617,0,before
BKOP0108627,0,before
BKOP0108643,40,before
BKOP0108656,224,before
BKOP0108665,0,before
BKOP0108667,103,before
BKOP0108674,0,before
BKOP0108677,0,before
BKOP0108678,39,before
BKOP0108687,102,before
BKOP0108713,1,before
BKOP0108717,44,before
BKOP0108718,44,before
BKOP0108719,44,before
BKOP0108720,44,before
BKOP0108721,44,before
BKOP0108741,93,before
BKOP0108742,36,before
BKOP0108745,43,before
BKOP0108749,127,before
BKOP0108765,0,before
BKOP0108766,86,before
BKOP0108768,87,before
BKOP0108771,0,before
BKOP0108778,0,before
BKOP0108783,0,before
BKOP0108792,0,before
BKOP0108796,0,before
BKOP0108798,21,before
BKOP0108799,21,before
BKOP0108808,0,before
BKOP0108810,0,before
BKOP0108828,0,before
BKOP0108853,121,before
BKOP0108871,95,before
BKOP0108873,218,before
BKOP0108882,41,before
BKOP0108888,95,before
BKOP0108893,91,before
BKOP0108920,41,before
BKOP0108925,69,before
BKOP0108943,88,before
BKOP0108957,99,before
BKOP0108970,102,before
BKOP0108972,97,before
BKOP0108973,91,before
BKOP0108976,40,before
BKOP0108978,45,before
BKOP0109018,96,before
BKOP0109021,87,before
BKOP0109028,44,before
BKOP0109029,54,before
BKOP0109049,2,before
BKOP0109064,1,before
BKOP0109109,93,before
BKOP0109125,29,before
BKOP0109149,92,before
BKOP0109150,212,before
BKOP0109157,0,before
BKOP0109174,92,before
BKOP0109175,92,before
BKOP0109177,91,before
BKOP0109182,99,before
BKOP0109195,0,before
BKOP0109200,86,before
BKOP0109201,39,before
BKOP0109202,86,before
BKOP0109206,0,before
BKOP0109215,82,before
BKOP0109216,88,before
BKOP0109234,82,before
BKOP0109235,120,before
BKOP0109236,90,before
BKOP0109237,81,before
BKOP0109238,90,before
BKOP0109239,89,before
BKOP0109240,39,before
BKOP0109254,48,before
BKOP0109277,103,before
BKOP0109278,90,before
BKOP0109320,38,before
BKOP0109337,38,before
BKOP0109344,38,before
BKOP0109367,38,before
BKOP0109372,19,before
BKOP0109375,38,before
BKOP0109401,118,before
BKOP0109409,0,before
BKOP0109413,0,before
BKOP0109415,18,before
BKOP0109419,81,before
BKOP0109430,0,before
BKOP0109435,0,before
BKOP0109450,18,before
BKOP0109451,2,before
BKOP0109462,86,before
BKOP0109486,17,before
BKOP0109505,1,before
BKOP0109527,16,before
BKOP0109528,15,before
BKOP0109532,85,before
BKOP0109535,115,before
BKOP0109550,81,before
BKOP0109555,51,before
BKOP0109560,15,before
BKOP0109573,84,before
BKOP0109576,115,before
BKOP0109577,85,before
BKOP0109578,0,before
BKOP0109580,15,before
BKOP0109584,15,before
BKOP0109586,15,before
BKOP0109621,0,before
BKOP0109632,41,before
BKOP0109633,15,before
BKOP0109634,0,before
BKOP0109639,79,before
BKOP0109695,20,before
BKOP0109721,14,before
BKOP0109727,14,before
BKOP0109762,13,before
BKOP0109782,19,before
BKOP0109817,5,before
BKOP0109820,19,before
BKOP0109822,3,before
BKOP0109839,4,before
BKOP0109867,2,before
BKOP0109893,2,before
BKOP0109894,1,before
BKOP0109899,4,before
BKOP0109903,2,before
BKOP0109929,0,before
BKOP0109930,88,before
BKOP0109949,0,before
BKOP0109962,128,before
BKOP0110011,0,before
BKOP0110027,72,before
BKOP0110085,13,before
BKOP0110091,163,before
BKOP0110092,76,before
BKOP0110101,104,before
BKOP0110114,116,before
BKOP0110126,14,before
BKOP0110127,25,before
BKOP0110128,12,before
BKOP0110129,12,before
BKOP0110136,6,before
BKOP0110138,75,before
BKOP0110139,70,before
BKOP0110140,70,before
BKOP0110141,70,before
BKOP0110144,5,before
BKOP0110153,34,before
BKOP0110155,126,before
BKOP0110183,0,before
BKOP0110199,3,before
BKOP0110248,32,before
BKOP0110249,32,before
BKOP0110250,32,before
BKOP0110251,32,before
BKOP0110277,18,before
BKOP0110279,1,before
BKOP0110289,66,before
BKOP0110307,65,before
BKOP0110325,63,before
BKOP0110365,29,before
BKOP0110377,0,before
BKOP0110378,28,before
BKOP0110394,0,before
BKOP0110396,190,before
BKOP0110414,2,before
BKOP0110419,8,before
BKOP0110430,2,before
BKOP0110439,66,before
BKOP0110440,68,before
BKOP0110442,61,before
BKOP0110452,24,before
BKOP0110467,14,before
BKOP0110470,3,before
BKOP0110486,8,before
BKOP0110487,8,before
BKOP0110489,8,before
BKOP0110492,2,before
BKOP0110501,1,before
BKOP0110526,1,before
BKOP0110572,58,before
BKOP0110574,7,before
BKOP0110575,12,before
BKOP0110591,66,before
BKOP0110624,55,before
BKOP0110638,0,before
BKOP0110649,0,before
BKOP0110659,7,before
BKOP0110660,7,before
BKOP0110661,12,before
BKOP0110662,7,before
BKOP0110663,7,before
BKOP0110664,1,before
BKOP0110674,1,before
BKOP0110677,183,before
BKOP0110743,56,before
BKOP0110754,10,before
BKOP0110774,60,before
BKOP0110776,0,before
BKOP0110777,10,before
BKOP0110783,10,before
BKOP0110798,10,before
BKOP0110799,19,before
BKOP0110800,19,before
BKOP0110801,19,before
BKOP0110802,19,before
BKOP0110803,18,before
BKOP0110810,18,before
BKOP0110811,0,before
BKOP0110812,0,before
BKOP0110822,54,before
BKOP0110830,59,before
BKOP0110837,0,before
BKOP0110841,47,before
BKOP0110848,24,before
BKOP0110852,180,before
BKOP0110855,17,before
BKOP0110867,17,before
BKOP0110868,2,before
BKOP0110897,0,before
BKOP0110904,50,before
BKOP0110909,44,before
BKOP0110944,55,before
BKOP0110961,51,before
BKOP0110972,15,before
BKOP0110976,0,before
BKOP0110980,0,before
BKOP0110991,62,before
BKOP0110993,0,before
BKOP0110994,13,before
BKOP0110995,13,before
BKOP0110996,13,before
BKOP0110998,13,before
BKOP0110999,13,before
BKOP0111000,13,before
BKOP0111002,13,before
BKOP0111007,13,before
BKOP0111013,13,before
BKOP0111014,13,before
BKOP0111015,14,before
BKOP0111019,0,before
BKOP0111038,0,before
BKOP0111040,13,before
BKOP0111041,48,before
BKOP0111055,13,before
BKOP0111056,47,before
BKOP0111057,50,before
BKOP0111108,63,before
BKOP0111113,48,before
BKOP0111114,48,before
BKOP0111115,50,before
BKOP0111116,0,before
BKOP0111117,46,before
BKOP0111119,0,before
BKOP0111131,35,before
BKOP0111145,0,before
BKOP0111152,49,before
BKOP0111153,49,before
BKOP0111160,0,before
BKOP0111172,0,before
BKOP0111173,0,before
BKOP0111216,0,before
BKOP0111229,41,before
BKOP0111243,0,before
BKOP0111263,81,before
BKOP0111306,81,before
BKOP0111325,173,before
BKOP0111336,37,before
BKOP0111337,0,before
BKOP0111348,119,before
BKOP0111377,0,before
BKOP0111386,36,before
BKOP0111429,20,before
BKOP0111431,7,before
BKOP0111432,30,before
BKOP0111436,30,before
BKOP0111441,41,before
BKOP0111443,0,before
BKOP0111471,42,before
BKOP0111480,35,before
BKOP0111482,43,before
BKOP0111503,0,before
BKOP0111504,40,before
BKOP0111505,5,before
BKOP0111508,42,before
BKOP0111514,1,before
BKOP0111516,29,before
BKOP0111535,0,before
BKOP0111536,41,before
BKOP0111537,29,before
BKOP0111541,146,before
BKOP0111544,0,before
BKOP0111547,0,before
BKOP0111550,28,before
BKOP0111562,28,before
BKOP0111578,28,before
BKOP0111583,28,before
BKOP0111585,41,before
BKOP0111601,0,before
BKOP0111602,0,before
BKOP0111622,0,before
BKOP0111624,0,before
BKOP0111653,2,before
BKOP0111667,37,before
BKOP0111670,37,before
BKOP0111673,3,before
BKOP0111676,37,before
BKOP0111704,37,before
BKOP0111713,26,before
BKOP0111714,26,before
BKOP0111716,26,before
BKOP0111733,29,before
BKOP0111734,25,before
BKOP0111742,35,before
BKOP0111746,34,before
BKOP0111758,30,before
BKOP0111797,0,before
BKOP0111798,0,before
BKOP0111799,0,before
BKOP0111800,0,before
BKOP0111801,0,before
BKOP0111803,0,before
BKOP0111804,0,before
BKOP0111806,0,before
BKOP0111807,0,before
BKOP0111809,0,before
BKOP0111810,0,before
BKOP0111811,0,before
BKOP0111812,0,before
BKOP0111813,66,before
BKOP0111852,23,before
BKOP0111856,42,before
BKOP0111870,23,before
BKOP0111873,23,before
BKOP0111875,23,before
BKOP0111907,62,before
BKOP0111930,0,before
BKOP0111933,22,before
BKOP0111948,110,before
BKOP0111952,33,before
BKOP0111960,28,before
BKOP0111975,32,before
BKOP0111981,22,before
BKOP0111982,22,before
BKOP0111983,22,before
BKOP0111984,22,before
BKOP0111985,22,before
BKOP0111986,22,before
BKOP0111988,22,before
BKOP0111991,22,before
BKOP0111992,22,before
BKOP0111993,22,before
BKOP0111994,22,before
BKOP0111995,54,before
BKOP0111996,22,before
BKOP0111997,22,before
BKOP0112003,21,before
BKOP0112015,29,before
BKOP0112033,0,before
BKOP0112041,29,before
BKOP0112043,0,before
BKOP0112045,0,before
BKOP0112046,0,before
BKOP0112047,0,before
BKOP0112048,29,before
BKOP0112066,25,before
BKOP0112078,4,before
BKOP0112080,4,before
BKOP0112087,4,before
BKOP0112088,4,before
BKOP0112090,4,before
BKOP0112093,4,before
BKOP0112097,51,before
BKOP0112101,4,before
BKOP0112123,0,before
BKOP0112140,0,before
BKOP0112153,0,before
BKOP0112178,27,before
BKOP0112185,13,before
BKOP0112192,13,before
BKOP0112252,1,before
BKOP0112254,12,before
BKOP0112289,0,before
BKOP0112290,12,before
BKOP0112291,12,before
BKOP0112293,0,before
BKOP0112300,0,before
BKOP0112309,19,before
BKOP0112330,11,before
BKOP0112336,0,before
BKOP0112362,0,before
BKOP0112370,0,before
BKOP0112393,0,before
BKOP0112413,3,before
BKOP0112416,10,before
BKOP0112419,10,before
BKOP0112421,10,before
BKOP0112443,0,before
BKOP0112458,0,before
BKOP0112461,0,before
BKOP0112463,17,before
BKOP0112465,0,before
BKOP0112475,19,before
BKOP0112510,0,before
BKOP0112520,5,before
BKOP0112528,5,before
BKOP0112536,5,before
BKOP0112557,5,before
BKOP0112567,0,before
BKOP0112574,0,before
BKOP0112595,0,before
BKOP0112600,0,before
BKOP0112602,5,before
BKOP0112617,4,before
BKOP0112620,4,before
BKOP0112636,4,before
BKOP0112643,4,before
BKOP0112671,10,before
BKOP0112694,0,before
BKOP0112695,0,before
BKOP0112698,11,before
BKOP0112699,12,before
BKOP0112702,3,before
BKOP0112712,3,before
BKOP0112725,23,before
BKOP0112739,3,before
BKOP0112752,2,before
BKOP0112758,18,before
BKOP0112765,0,before
BKOP0112774,9,before
BKOP0112795,21,before
BKOP0112852,2,before
BKOP0112858,0,before
BKOP0112859,0,before
BKOP0112862,0,before
BKOP0112863,17,before
BKOP0112864,1,before
BKOP0112883,3,before
BKOP0112902,0,before
BKOP0112930,7,before
BKOP0112945,0,before
BKOP0112949,0,before
BKOP0112956,6,before
BKOP0112982,0,before
BKOP0112991,5,before
BKOP0113006,0,before
BKOP0113008,0,before
BKOP0113012,13,before
BKOP0113016,7,before
BKOP0113019,14,before
BKOP0113021,14,before
BKOP0113023,7,before
BKOP0113030,0,before
BKOP0113058,0,before
BKOP0113059,0,before
BKOP0113072,14,before
BKOP0113078,0,before
BKOP0113081,140,before
BKOP0113083,0,before
BKOP0113086,0,before
BKOP0113087,0,before
BKOP0113115,0,before
BKOP0113116,26,before
BKOP0113117,0,before
BKOP0113125,5,before
BKOP0113128,6,before
BKOP0113131,0,before
BKOP0113134,0,before
BKOP0113144,33,before
BKOP0113148,7,before
BKOP0113159,5,before
BKOP0113196,4,before
BKOP0113203,8,before
BKOP0113231,3,before
BKOP0113244,0,before
BKOP0113312,8,before
BKOP0113332,0,before
BKOP0113390,4,before
BKOP0113399,12,before
BKOP0113401,0,before
BKOP0113412,8,before
BKOP0113426,0,after
BKOP0113427,0,after
BKOP0113459,4,after
BKOP0113460,4,after
BKOP0113462,0,after
BKOP0113465,0,after
BKOP0113468,0,after
BKOP0113471,0,after
BKOP0113472,0,after
BKOP0113486,3,after
BKOP0113496,13,after
BKOP0113521,0,after
BKOP0113531,0,after
BKOP0113543,6,after
BKOP0113560,2,after
BKOP0113577,3,after
BKOP0113607,1,after
BKOP0113620,1,after
BKOP0113635,0,after
BKOP0113647,7,after
BKOP0113649,7,after
BKOP0113650,7,after
BKOP0113651,7,after
BKOP0113653,7,after
BKOP0113654,7,after
BKOP0113655,7,after
BKOP0113656,2,after
BKOP0113667,0,after
BKOP0113677,2,after
BKOP0113681,1,after
BKOP0113685,0,after
BKOP0113690,0,after
BKOP0113703,0,after
BKOP0113705,2,after
BKOP0113708,0,after
BKOP0113717,0,after
BKOP0113722,0,after
BKOP0113725,1,after
BKOP0113726,2,after
BKOP0113746,0,after
BKOP0113763,2,after
BKOP0113765,0,after
BKOP0113781,0,after
BKOP0113782,0,after
BKOP0113784,1,after
BKOP0113789,2,after
BKOP0113795,15,after
BKOP0113802,1,after
BKOP0113806,1,after
BKOP0113822,0,after
BKOP0113824,0,after
BKOP0113849,1,after
BKOP0113851,1,after
BKOP0113855,0,after
BKOP0113860,0,after
BKOP0113862,1,after
BKOP0113865,1,after
BKOP0113902,0,after
BKOP0113905,0,after
BKOP0113917,13,after
BKOP0113923,0,after
BKOP0113935,5,after
BKOP0113941,5,after
BKOP0113942,0,after
BKOP0113943,0,after
BKOP0113949,0,after
BKOP0113954,0,after
BKOP0113957,4,after
BKOP0113988,0,after
BKOP0113989,0,after
BKOP0114015,101,after
BKOP0114027,4,after
BKOP0114029,2,after
BKOP0114038,3,after
BKOP0114040,0,after
BKOP0114048,103,after
BKOP0114069,2,after
BKOP0114078,124,after
BKOP0114097,1,after
BKOP0114117,3,after
BKOP0114120,1,after
BKOP0114122,1,after
BKOP0114147,0,after
BKOP0114169,0,after
BKOP0114203,0,after
BKOP0114205,0,after
BKOP0114209,0,after
BKOP0114210,1,after
BKOP0114211,0,after
BKOP0114216,0,after
BKOP0114217,0,after
BKOP0114220,0,after
BKOP0114221,0,after
BKOP0114222,0,after
BKOP0114226,0,after
BKOP0114227,122,after
BKOP0114228,0,after
BKOP0114229,0,after
BKOP0114234,0,after
BKOP0114235,0,after
BKOP0114242,0,after
BKOP0114243,0,after
BKOP0114244,0,after
BKOP0114245,0,after
BKOP0114249,5,after
BKOP0114251,0,after
BKOP0114260,0,after
BKOP0114262,0,after
BKOP0114267,0,after
BKOP0114286,0,after
BKOP0114291,5,after
BKOP0114292,0,after
BKOP0114293,0,after
BKOP0114294,0,after
BKOP0114297,0,after
BKOP0114301,1,after
BKOP0114307,0,after
BKOP0114310,0,after
BKOP0114334,0,after
BKOP0114339,0,after
BKOP0114365,0,after
BKOP0114371,1,after
BKOP0114376,1,after
BKOP0114406,1,after
BKOP0114411,2,after
BKOP0114413,2,after
BKOP0114417,2,after
BKOP0114418,2,after
BKOP0114419,1,after
BKOP0114420,1,after
BKOP0114421,1,after
BKOP0114422,1,after
BKOP0114423,1,after
BKOP0114425,1,after
BKOP0114427,1,after
BKOP0114428,1,after
BKOP0114429,0,after
BKOP0114431,0,after
BKOP0114432,0,after
BKOP0114435,0,after
BKOP0114437,0,after
BKOP0114438,0,after
BKOP0114439,1,after
BKOP0114445,0,after
BKOP0114457,0,after
BKOP0114506,0,after
BKOP0114509,0,after
BKOP0114524,0,after
BKOP0114552,0,after
BKOP0114553,5,after
BKOP0114554,3,after
BKOP0114576,0,after
BKOP0114583,2,after
BKOP0114590,0,after
BKOP0114591,0,after
BKOP0114592,3,after
BKOP0114594,0,after
BKOP0114602,2,after
BKOP0114618,2,after
BKOP0114620,2,after
BKOP0114624,3,after
BKOP0114625,3,after
BKOP0114629,2,after
BKOP0114630,2,after
BKOP0114631,2,after
BKOP0114632,2,after
BKOP0114633,2,after
BKOP0114634,2,after
BKOP0114635,2,after
BKOP0114636,2,after
BKOP0114637,2,after
BKOP0114638,2,after
BKOP0114639,2,after
BKOP0114640,2,after
BKOP0114641,3,after
BKOP0114643,2,after
BKOP0114646,2,after
BKOP0114647,2,after
BKOP0114665,2,after
BKOP0114673,2,after
BKOP0114701,2,after
BKOP0114702,2,after
BKOP0114703,2,after
BKOP0114711,2,after
BKOP0114778,0,after
BKOP0114784,1,after
BKOP0114786,1,after
BKOP0114791,0,after
BKOP0114798,0,after
BKOP0114827,2,after
BKOP0114830,0,after
BKOP0114835,2,after
BKOP0114842,0,after
BKOP0114869,0,after
BKOP0114871,0,after
BKOP0114876,5,after
BKOP0114885,6,after
BKOP0114890,6,after
BKOP0114895,0,after
BKOP0114914,26,after
BKOP0114915,3,after
BKOP0114918,2,after
BKOP0114925,3,after
BKOP0114927,3,after
BKOP0114928,30,after
BKOP0114934,0,after
BKOP0114954,0,after
BKOP0114955,0,after
BKOP0114956,0,after
BKOP0114957,0,after
BKOP0114958,0,after
BKOP0114959,6,after
BKOP0114960,0,after
BKOP0114981,9,after
BKOP0114995,2,after
BKOP0115014,0,after
BKOP0115016,0,after
BKOP0115034,0,after
BKOP0115067,0,after
BKOP0115087,0,after
BKOP0115104,0,after
BKOP0115117,4,after
BKOP0115120,0,after
BKOP0115130,5,after
BKOP0115161,0,after
BKOP0115178,0,after
BKOP0115180,2,after
BKOP0115206,2,after
BKOP0115221,2,after
BKOP0115222,2,after
BKOP0115223,2,after
BKOP0115224,4,after
BKOP0115225,9,after
BKOP0115226,2,after
BKOP0115241,2,after
BKOP0115242,2,after
BKOP0115243,2,after
BKOP0115255,1,after
BKOP0115273,53,after
BKOP0115286,2,after
BKOP0115295,0,after
BKOP0115305,0,after
BKOP0115309,2,after
BKOP0115317,0,after
BKOP0115319,1,after
BKOP0115360,1,after
BKOP0115363,0,after
BKOP0115373,0,after
BKOP0115376,0,after
BKOP0115391,40,after
BKOP0115419,1,after
BKOP0115431,0,after
BKOP0115434,1,after
BKOP0115437,0,after
BKOP0115445,2,after
BKOP0115450,0,after
BKOP0115451,0,after
BKOP0115455,68,after
BKOP0115456,0,after
BKOP0115457,0,after
BKOP0115475,1,after
BKOP0115481,1,after
BKOP0115487,0,after
BKOP0115490,0,after
BKOP0115494,0,after
BKOP0115516,0,after
BKOP0115523,0,after
BKOP0115524,0,after
BKOP0115528,0,after
BKOP0115531,50,after
BKOP0115533,50,after
BKOP0115535,0,after
BKOP0115537,0,after
BKOP0115543,0,after
BKOP0115547,0,after
BKOP0115591,0,after
BKOP0115593,0,after
BKOP0115595,0,after
BKOP0115602,12,after
BKOP0115611,83,after
BKOP0115615,0,after
BKOP0115635,0,after
BKOP0115648,3,after
BKOP0115661,3,after
BKOP0115663,2,after
BKOP0115664,2,after
BKOP0115673,3,after
BKOP0115676,3,after
BKOP0115703,51,after
BKOP0115708,2,after
BKOP0115799,0,after
BKOP0115803,0,after
BKOP0115814,0,after
BKOP0115840,0,after
BKOP0115865,12,after
BKOP0115866,7,after
BKOP0115911,5,after
BKOP0115969,0,after
BKOP0115984,0,after
BKOP0116026,0,after
BKOP0116039,2,after
BKOP0116055,4,after
BKOP0116060,13,after
BKOP0116064,0,after
BKOP0116067,2,after
BKOP0116083,1,after
BKOP0116089,11,after
BKOP0116099,1,after
BKOP0116100,1,after
BKOP0116102,1,after
BKOP0116104,1,after
BKOP0116106,1,after
BKOP0116111,1,after
BKOP0116113,0,after
BKOP0116114,2,after
BKOP0116119,0,after
BKOP0116133,9,after
BKOP0116140,0,after
BKOP0116141,0,after
BKOP0116199,1,after
BKOP0116224,0,after
BKOP0116230,0,after
BKOP0116233,0,after
BKOP0116235,0,after
BKOP0116245,1,after
BKOP0116260,0,after
BKOP0116261,0,after
BKOP0116313,0,after
BKOP0116381,7,after
BKOP0116388,0,after
BKOP0116399,0,after
BKOP0116415,0,after
BKOP0116416,0,after
BKOP0116417,4,after
BKOP0116420,0,after
BKOP0116423,0,after
BKOP0116437,0,after
BKOP0116451,3,after
BKOP0116455,4,after
BKOP0116457,6,after
BKOP0116459,6,after
BKOP0116461,3,after
BKOP0116468,2,after
BKOP0116475,2,after
BKOP0116477,2,after
BKOP0116507,1,after
BKOP0116510,1,after
BKOP0116514,1,after
BKOP0116541,1,after
BKOP0116542,16,after
BKOP0116548,8,after
BKOP0116564,1,after
BKOP0116565,1,after
BKOP0116576,0,after
BKOP0116615,0,after
BKOP0116628,0,after
BKOP0116632,10,after
BKOP0116635,0,after
BKOP0116639,0,after
BKOP0116642,0,after
BKOP0116645,0,after
BKOP0116708,1,after
BKOP0116710,0,after
BKOP0116725,14,after
BKOP0116731,1,after
BKOP0116759,0,after
BKOP0116766,1,after
BKOP0116803,0,after
BKOP0116842,1,after
BKOP0116843,1,after
BKOP0116848,0,after
BKOP0116861,0,after
BKOP0116865,0,after
BKOP0116869,0,after
BKOP0116898,1,after
BKOP0116905,0,after
BKOP0116917,0,after
BKOP0116918,0,after
BKOP0117005,14,after
BKOP0117006,19,after
BKOP0117007,10,after
BKOP0117012,0,after
BKOP0117064,0,after
BKOP0117088,10,after
BKOP0117140,2,after
BKOP0117168,2,after
BKOP0117188,1,after
BKOP0117194,1,after
BKOP0117206,0,after
BKOP0117240,0,after
BKOP0117241,0,after
BKOP0117243,0,after
BKOP0117268,0,after
BKOP0117272,6,after
BKOP0117279,0,after
BKOP0117287,0,after
BKOP0117306,3,after
BKOP0117308,2,after
BKOP0117313,0,after
BKOP0117323,0,after
BKOP0117324,0,after
BKOP0117326,0,after
BKOP0117331,1,after
BKOP0117343,0,after
BKOP0117344,0,after
BKOP0117355,0,after
BKOP0117356,0,after
BKOP0117364,0,after
BKOP0117368,0,after
BKOP0117370,2,after
BKOP0117386,0,after
BKOP0117388,1,after
BKOP0117392,0,after
BKOP0117393,0,after
BKOP0117394,0,after
BKOP0117395,0,after
BKOP0117411,0,after
BKOP0117413,0,after
BKOP0117429,0,after
BKOP0117441,0,after
BKOP0117443,1,after
BKOP0117447,0,after
BKOP0117461,1,after
BKOP0117474,0,after
BKOP0117476,0,after
BKOP0117479,0,after
BKOP0117483,0,after
BKOP0117492,3,after
BKOP0117494,4,after
BKOP0117498,4,after
BKOP0117501,0,after
BKOP0117503,3,after
BKOP0117505,0,after
BKOP0117506,3,after
BKOP0117508,0,after
BKOP0117512,0,after
BKOP0117516,0,after
BKOP0117530,0,after
BKOP0117533,0,after
BKOP0117534,0,after
BKOP0117535,5,after
BKOP0117537,0,after
BKOP0117546,0,after
BKOP0117547,0,after
BKOP0117595,1,after
BKOP0117604,3,after
BKOP0117610,1,after
BKOP0117611,1,after
BKOP0117653,1,after
BKOP0117655,1,after
BKOP0117660,2,after
BKOP0117661,2,after
BKOP0117679,0,after
BKOP0117685,0,after
BKOP0117687,0,after
BKOP0117689,0,after
BKOP0117690,0,after
BKOP0117691,0,after
BKOP0117693,0,after
BKOP0117695,0,after
BKOP0117700,0,after
BKOP0117706,0,after
BKOP0117707,0,after
BKOP0117710,0,after
BKOP0117724,0,after
BKOP0117727,0,after
BKOP0117731,17,after
BKOP0117734,0,after
BKOP0117751,0,after
BKOP0117763,0,after
BKOP0117773,0,after
BKOP0117798,1,after
BKOP0117804,1,after
BKOP0117805,0,after
BKOP0117810,0,after
BKOP0117813,0,after
BKOP0117839,1,after
BKOP0117842,0,after
BKOP0117847,0,after
BKOP0117855,0,after
BKOP0117887,3,after
BKOP0117891,0,after
BKOP0117892,0,after
BKOP0117922,0,after
BKOP0117934,0,after
BKOP0117945,0,after
BKOP0117954,3,after
BKOP0117956,3,after
BKOP0117988,2,after
BKOP0117989,2,after
BKOP0118038,0,after
BKOP0118040,0,after
BKOP0118051,0,after
BKOP0118061,2,after
BKOP0118068,0,after
BKOP0118071,2,after
BKOP0118085,0,after
BKOP0118088,0,after
BKOP0118095,0,after
BKOP0118096,0,after
BKOP0118098,1,after
BKOP0118119,0,after
BKOP0118126,0,after
BKOP0118131,0,after
BKOP0118147,0,after
BKOP0118148,0,after
BKOP0118149,0,after
BKOP0118152,0,after
BKOP0118167,0,after
BKOP0118170,6,after
BKOP0118172,6,after
BKOP0118173,6,after
BKOP0118176,6,after
BKOP0118177,6,after
BKOP0118179,6,after
BKOP0118180,6,after
BKOP0118182,6,after
BKOP0118184,6,after
BKOP0118185,6,after
BKOP0118210,0,after
BKOP0118211,0,after
BKOP0118213,0,after
BKOP0118214,0,after
BKOP0118215,0,after
BKOP0118216,0,after
BKOP0118217,0,after
BKOP0118218,0,after
BKOP0118220,0,after
BKOP0118222,0,after
BKOP0118228,0,after
BKOP0118229,0,after
BKOP0118230,0,after
BKOP0118232,0,after
BKOP0118238,0,after
BKOP0118243,0,after
BKOP0118263,4,after
BKOP0118264,4,after
BKOP0118265,0,after
BKOP0118272,0,after
BKOP0118279,5,after
BKOP0118280,0,after
BKOP0118281,0,after
BKOP0118282,0,after
BKOP0118295,3,after
BKOP0118300,0,after
BKOP0118302,0,after
BKOP0118304,0,after
BKOP0118306,0,after
BKOP0118308,4,after
BKOP0118312,4,after
BKOP0118313,4,after
BKOP0118314,0,after
BKOP0118340,0,after
BKOP0118345,4,after
BKOP0118346,0,after
BKOP0118347,0,after
BKOP0118348,0,after
BKOP0118364,0,after
BKOP0118408,3,after
BKOP0118410,3,after
BKOP0118429,2,after
BKOP0118435,2,after
BKOP0118436,2,after
BKOP0118451,1,after
BKOP0118452,1,after
BKOP0118453,2,after
BKOP0118454,2,after
BKOP0118463,1,after
BKOP0118465,1,after
BKOP0118467,1,after
BKOP0118468,1,after
BKOP0118469,1,after
BKOP0118471,2,after
BKOP0118474,1,after
BKOP0118477,1,after
BKOP0118478,1,after
BKOP0118479,1,after
BKOP0118480,6,after
BKOP0118482,1,after
BKOP0118483,1,after
BKOP0118484,1,after
BKOP0118485,1,after
BKOP0118514,0,after
BKOP0118515,0,after
BKOP0118518,0,after
BKOP0118529,0,after
BKOP0118530,4,after
BKOP0118532,4,after
BKOP0118535,0,after
BKOP0118538,0,after
BKOP0118539,8,after
BKOP0118540,7,after
BKOP0118541,0,after
BKOP0118542,0,after
BKOP0118544,0,after
BKOP0118550,0,after
BKOP0118556,0,after
BKOP0118562,0,after
BKOP0118574,0,after
BKOP0118577,0,after
BKOP0118578,0,after
BKOP0118584,20,after
BKOP0118585,0,after
BKOP0118592,0,after
BKOP0118595,0,after
BKOP0118596,0,after
BKOP0118598,0,after
BKOP0118599,0,after
BKOP0118610,0,after
BKOP0118618,0,after
BKOP0118623,8,after
BKOP0118633,0,after
BKOP0118651,0,after
BKOP0118660,0,after
BKOP0118697,0,after
BKOP0118699,0,after
BKOP0118702,0,after
BKOP0118704,0,after
BKOP0118708,0,after
BKOP0118716,0,after
BKOP0118718,0,after
BKOP0118719,0,after
BKOP0118720,0,after
BKOP0118733,1,after
BKOP0118741,0,after
BKOP0118750,0,after
BKOP0118753,0,after
BKOP0118767,2,after
BKOP0118794,0,after
BKOP0118797,0,after
BKOP0118798,0,after
BKOP0118799,4,after
BKOP0118800,18,after
BKOP0118801,18,after
BKOP0118820,0,after
BKOP0118826,13,after
BKOP0118835,3,after
BKOP0118838,0,after
BKOP0118850,5,after
BKOP0118856,11,after
BKOP0118862,0,after
BKOP0118872,0,after
BKOP0118882,0,after
BKOP0118887,0,after
BKOP0118888,0,after
BKOP0118891,0,after
BKOP0118895,0,after
BKOP0118915,0,after
BKOP0118922,0,after
BKOP0118947,1,after
BKOP0118964,1,after
BKOP0118979,3,after
BKOP0118982,4,after
BKOP0118983,1,after
BKOP0118984,3,after
BKOP0118987,1,after
BKOP0118990,4,after
BKOP0119011,0,after
BKOP0119014,50,after
BKOP0119016,0,after
BKOP0119020,0,after
BKOP0119031,2,after
BKOP0119033,1,after
BKOP0119048,16,after
BKOP0119050,9,after
BKOP0119059,0,after
BKOP0119060,1,after
BKOP0119063,13,after
BKOP0119068,13,after
BKOP0119095,0,after
BKOP0119100,0,after
BKOP0119103,2,after
BKOP0119119,0,after
BKOP0119120,0,after
BKOP0119132,0,after
BKOP0119133,45,after
BKOP0119136,0,after
BKOP0119147,0,after
BKOP0119148,1,after
BKOP0119149,6,after
BKOP0119162,0,after
BKOP0119163,0,after
BKOP0119164,0,after
BKOP0119183,1,after
BKOP0119188,0,after
BKOP0119215,0,after
BKOP0119229,0,after
BKOP0119231,0,after
BKOP0119232,0,after
BKOP0119233,1,after
BKOP0119234,1,after
BKOP0119237,0,after
BKOP0119273,0,after
BKOP0119277,3,after
BKOP0119281,0,after
BKOP0119282,1,after
BKOP0119284,0,after
BKOP0119296,0,after
BKOP0119319,0,after
BKOP0119321,6,after
BKOP0119325,0,after
BKOP0119337,0,after
BKOP0119339,10,after
BKOP0119344,0,after
BKOP0119385,2,after
BKOP0119386,5,after
BKOP0119387,2,after
BKOP0119427,1,after
BKOP0119429,1,after
BKOP0119430,1,after
BKOP0119432,1,after
BKOP0119433,1,after
BKOP0119436,1,after
BKOP0119446,1,after
BKOP0119448,1,after
BKOP0119465,7,after
BKOP0119466,7,after
BKOP0119474,8,after
BKOP0119483,6,after
BKOP0119490,0,after
BKOP0119495,0,after
BKOP0119507,0,after
BKOP0119546,0,after
BKOP0119547,0,after
BKOP0119554,0,after
BKOP0119563,0,after
BKOP0119578,0,after
BKOP0119591,2,after
BKOP0119619,1,after
BKOP0119620,2,after
BKOP0119626,0,after
BKOP0119663,40,after
BKOP0119664,1,after
BKOP0119676,0,after
BKOP0119679,0,after
BKOP0119684,0,after
BKOP0119694,1,after
BKOP0119695,1,after
BKOP0119728,0,after
BKOP0119730,0,after
BKOP0119735,3,after
BKOP0119737,3,after
BKOP0119776,3,after
BKOP0119790,0,after
BKOP0119794,2,after
BKOP0119807,3,after
BKOP0119808,3,after
BKOP0119814,0,after
BKOP0119830,2,after
BKOP0119840,1,after
BKOP0119841,5,after
BKOP0119843,1,after
BKOP0119851,1,after
BKOP0119857,38,after
BKOP0119858,1,after
BKOP0119871,1,after
BKOP0119872,1,after
BKOP0119909,0,after
BKOP0119912,0,after
BKOP0119939,0,after
BKOP0119940,0,after
BKOP0119947,0,after
BKOP0119950,0,after
BKOP0119952,0,after
BKOP0119955,0,after
BKOP0119957,0,after
BKOP0119978,0,after
BKOP0119980,0,after
BKOP0119983,0,after
BKOP0119987,0,after
BKOP0119988,0,after
BKOP0119993,0,after
BKOP0120013,0,after
BKOP0120032,0,after
BKOP0120034,0,after
BKOP0120044,2,after
BKOP0120060,0,after
BKOP0120067,0,after
BKOP0120085,2,after
BKOP0120086,0,after
BKOP0120092,0,after
BKOP0120097,1,after
BKOP0120098,0,after
BKOP0120107,0,after
BKOP0120111,12,after
BKOP0120112,4,after
BKOP0120138,0,after
BKOP0120141,0,after
BKOP0120182,32,after
BKOP0120183,10,after
BKOP0120188,3,after
BKOP0120203,2,after
BKOP0120207,0,after
BKOP0120208,0,after
BKOP0120209,0,after
BKOP0120210,0,after
BKOP0120289,15,after
BKOP0120290,0,after
BKOP0120307,0,after
BKOP0120308,0,after
BKOP0120310,0,after
BKOP0120311,0,after
BKOP0120312,0,after
BKOP0120313,0,after
BKOP0120315,1,after
BKOP0120325,0,after
BKOP0120326,0,after
BKOP0120332,0,after
BKOP0120334,0,after
BKOP0120350,0,after
BKOP0120351,0,after
BKOP0120352,0,after
BKOP0120355,0,after
BKOP0120367,0,after
BKOP0120368,0,after
BKOP0120369,0,after
BKOP0120370,0,after
BKOP0120374,0,after
BKOP0120384,0,after
BKOP0120385,0,after
BKOP0120392,0,after
BKOP0120410,0,after
BKOP0120412,7,after
BKOP0120427,0,after
BKOP0120430,0,after
BKOP0120445,1,after
BKOP0120460,27,after
BKOP0120465,0,after
BKOP0120487,0,after
BKOP0120488,0,after
BKOP0120505,0,after
BKOP0120509,25,after
BKOP0120513,3,after
BKOP0120517,0,after
BKOP0120530,0,after
BKOP0120538,0,after
BKOP0120562,0,after
BKOP0120570,2,after
BKOP0120571,0,after
BKOP0120576,2,after
BKOP0120578,0,after
BKOP0120611,2,after
BKOP0120613,2,after
BKOP0120621,5,after
BKOP0120634,2,after
BKOP0120652,2,after
BKOP0120653,2,after
BKOP0120659,1,after
BKOP0120663,1,after
BKOP0120664,1,after
BKOP0120665,1,after
BKOP0120676,0,after
BKOP0120684,1,after
BKOP0120687,0,after
BKOP0120693,3,after
BKOP0120694,0,after
BKOP0120695,0,after
BKOP0120718,0,after
BKOP0120778,0,after
BKOP0120779,0,after
BKOP0120781,0,after
BKOP0120793,0,after
BKOP0120809,2,after
BKOP0120823,1,after
BKOP0120825,1,after
BKOP0120826,1,after
BKOP0120836,1,after
BKOP0120860,0,after
BKOP0120866,0,after
BKOP0120890,0,after
BKOP0120891,0,after
BKOP0120931,4,after
BKOP0120945,0,after
BKOP0120951,0,after
BKOP0120968,0,after
BKOP0120971,0,after
BKOP0120976,0,after
BKOP0120978,0,after
BKOP0120982,0,after
BKOP0120989,0,after
BKOP0120996,0,after
BKOP0120998,0,after
BKOP0121032,0,after
BKOP0121036,3,after
BKOP0121055,0,after
BKOP0121063,3,after
BKOP0121067,2,after
BKOP0121071,2,after
BKOP0121094,1,after
BKOP0121101,2,after
BKOP0121113,2,after
BKOP0121121,1,after
BKOP0121123,1,after
BKOP0121124,1,after
BKOP0121125,1,after
BKOP0121126,1,after
BKOP0121127,1,after
BKOP0121129,1,after
BKOP0121140,1,after
BKOP0121142,1,after
BKOP0121143,4,after
BKOP0121144,4,after
BKOP0121149,8,after
BKOP0121150,5,after
BKOP0121179,1,after
BKOP0121215,0,after
BKOP0121216,0,after
BKOP0121237,6,after
BKOP0121245,0,after
BKOP0121262,0,after
BKOP0121264,0,after
BKOP0121275,2,after
BKOP0121285,0,after
BKOP0121305,0,after
BKOP0121326,0,after
BKOP0121327,0,after
BKOP0121328,0,after
BKOP0121336,0,after
BKOP0121339,0,after
BKOP0121353,0,after
BKOP0121363,0,after
BKOP0121364,0,after
BKOP0121385,0,after
BKOP0121393,0,after
BKOP0121394,0,after
BKOP0121395,0,after
BKOP0121400,13,after
BKOP0121413,1,after
BKOP0121443,3,after
BKOP0121447,0,after
BKOP0121457,0,after
BKOP0121460,0,after
BKOP0121468,0,after
BKOP0121479,0,after
BKOP0121498,0,after
BKOP0121502,11,after
BKOP0121511,0,after
BKOP0121524,1,after
BKOP0121534,1,after
BKOP0121541,1,after
BKOP0121561,1,after
BKOP0121569,9,after
BKOP0121570,0,after
BKOP0121573,0,after
BKOP0121575,0,after
BKOP0121588,0,after
BKOP0121596,0,after
BKOP0121608,7,after
BKOP0121609,1,after
BKOP0121612,0,after
BKOP0121618,0,after
BKOP0121622,9,after
BKOP0121623,0,after
BKOP0121636,0,after
BKOP0121639,0,after
BKOP0121643,0,after
BKOP0121645,0,after
BKOP0121650,0,after
BKOP0121652,0,after
BKOP0121654,0,after
BKOP0121666,0,after
BKOP0121668,0,after
BKOP0121679,0,after
BKOP0121685,0,after
BKOP0121687,0,after
BKOP0121691,0,after
BKOP0121705,0,after
BKOP0121725,0,after
BKOP0121755,0,after
BKOP0121798,1,after
BKOP0121824,0,after
BKOP0121838,0,after
BKOP0121846,0,after
BKOP0121847,4,after
BKOP0121849,0,after
BKOP0121851,0,after
BKOP0121852,0,after
BKOP0121860,0,after
BKOP0121872,0,after
BKOP0121873,0,after
BKOP0121874,0,after
BKOP0121878,0,after
BKOP0121879,0,after
BKOP0121897,0,after
BKOP0121903,1,after
BKOP0121910,0,after
BKOP0121912,0,after
BKOP0121913,0,after
BKOP0121914,0,after
BKOP0121915,0,after
BKOP0121917,0,after
BKOP0121918,0,after
BKOP0121919,0,after
BKOP0121920,0,after
BKOP0121924,0,after
BKOP0121926,0,after
BKOP0121927,0,after
BKOP0121937,0,after
BKOP0121952,0,after
BKOP0121953,0,after
BKOP0121961,0,after
BKOP0121965,0,after
BKOP0121968,0,after
BKOP0121969,0,after
BKOP0121971,0,after
BKOP0121973,0,after
BKOP0121975,0,after
BKOP0121976,0,after
BKOP0121978,0,after
BKOP0122020,0,after
BKOP0122021,0,after
BKOP0122023,0,after
BKOP0122025,0,after
BKOP0122042,0,after
BKOP0122043,1,after
BKOP0122046,0,after
BKOP0122049,0,after
BKOP0122053,0,after
BKOP0122062,0,after
BKOP0122067,0,after
BKOP0122081,0,after
BKOP0122083,0,after
BKOP0122084,0,after
BKOP0122085,0,after
BKOP0122087,0,after
BKOP0122088,0,after
BKOP0122089,0,after
BKOP0122090,0,after
BKOP0122091,0,after
BKOP0122100,0,after
BKOP0122109,0,after
BKOP0122113,0,after
BKOP0122115,1,after
BKOP0122120,1,after
BKOP0122137,0,after
BKOP0122141,0,after
BKOP0122169,0,after
BKOP0122180,0,after
BKOP0122184,1,after
BKOP0122189,0,after
BKOP0122214,0,after
BKOP0122215,0,after
BKOP0122224,0,after
BKOP0122235,0,after
BKOP0122260,0,after
